bytes,content-type,elapsed,endpoint,resource,status,entry-date,start-date,end-date
1776,text/plain; charset=utf-8,0.569,9b7aae65602e12428ce4180ecb789a23af55b9116af46db71580411b5b697129,8df75b0c4d901a4a2a61a96b58681f919af1644d5e6d1b7108f3cf7a9ca7c079,200,2021-03-26T10:28:29.332276,,
1776,text/plain; charset=utf-8,0.202,9b7aae65602e12428ce4180ecb789a23af55b9116af46db71580411b5b697129,8df75b0c4d901a4a2a61a96b58681f919af1644d5e6d1b7108f3cf7a9ca7c079,200,2021-03-27T02:30:23.860166,,
1776,text/plain; charset=utf-8,0.206,9b7aae65602e12428ce4180ecb789a23af55b9116af46db71580411b5b697129,8df75b0c4d901a4a2a61a96b58681f919af1644d5e6d1b7108f3cf7a9ca7c079,200,2021-03-28T00:13:13.842618,,
1776,text/plain; charset=utf-8,0.282,9b7aae65602e12428ce4180ecb789a23af55b9116af46db71580411b5b697129,8df75b0c4d901a4a2a61a96b58681f919af1644d5e6d1b7108f3cf7a9ca7c079,200,2021-03-29T00:13:35.926272,,
1776,text/plain; charset=utf-8,0.239,9b7aae65602e12428ce4180ecb789a23af55b9116af46db71580411b5b697129,8df75b0c4d901a4a2a61a96b58681f919af1644d5e6d1b7108f3cf7a9ca7c079,200,2021-03-30T00:12:57.043442,,
1776,text/plain; charset=utf-8,0.234,9b7aae65602e12428ce4180ecb789a23af55b9116af46db71580411b5b697129,8df75b0c4d901a4a2a61a96b58681f919af1644d5e6d1b7108f3cf7a9ca7c079,200,2021-03-31T00:11:05.186021,,
1776,text/plain; charset=utf-8,0.37,9b7aae65602e12428ce4180ecb789a23af55b9116af46db71580411b5b697129,8df75b0c4d901a4a2a61a96b58681f919af1644d5e6d1b7108f3cf7a9ca7c079,200,2021-04-01T00:13:38.770761,,
1776,text/plain; charset=utf-8,0.521,9b7aae65602e12428ce4180ecb789a23af55b9116af46db71580411b5b697129,8df75b0c4d901a4a2a61a96b58681f919af1644d5e6d1b7108f3cf7a9ca7c079,200,2021-04-02T00:19:48.763410,,
1776,text/plain; charset=utf-8,0.21,9b7aae65602e12428ce4180ecb789a23af55b9116af46db71580411b5b697129,8df75b0c4d901a4a2a61a96b58681f919af1644d5e6d1b7108f3cf7a9ca7c079,200,2021-04-03T00:13:19.003081,,
1776,text/plain; charset=utf-8,0.196,9b7aae65602e12428ce4180ecb789a23af55b9116af46db71580411b5b697129,8df75b0c4d901a4a2a61a96b58681f919af1644d5e6d1b7108f3cf7a9ca7c079,200,2021-04-04T00:19:08.288520,,
1776,text/plain; charset=utf-8,0.208,9b7aae65602e12428ce4180ecb789a23af55b9116af46db71580411b5b697129,8df75b0c4d901a4a2a61a96b58681f919af1644d5e6d1b7108f3cf7a9ca7c079,200,2021-04-05T00:14:31.759306,,
1776,text/plain; charset=utf-8,0.208,9b7aae65602e12428ce4180ecb789a23af55b9116af46db71580411b5b697129,8df75b0c4d901a4a2a61a96b58681f919af1644d5e6d1b7108f3cf7a9ca7c079,200,2021-04-06T00:14:09.454687,,
1776,text/plain; charset=utf-8,0.216,9b7aae65602e12428ce4180ecb789a23af55b9116af46db71580411b5b697129,8df75b0c4d901a4a2a61a96b58681f919af1644d5e6d1b7108f3cf7a9ca7c079,200,2021-04-07T00:13:29.524340,,
1776,text/plain; charset=utf-8,0.224,9b7aae65602e12428ce4180ecb789a23af55b9116af46db71580411b5b697129,8df75b0c4d901a4a2a61a96b58681f919af1644d5e6d1b7108f3cf7a9ca7c079,200,2021-04-08T00:15:24.015590,,
1776,text/plain; charset=utf-8,0.211,9b7aae65602e12428ce4180ecb789a23af55b9116af46db71580411b5b697129,8df75b0c4d901a4a2a61a96b58681f919af1644d5e6d1b7108f3cf7a9ca7c079,200,2021-04-09T00:14:01.391454,,
1776,text/plain; charset=utf-8,0.231,9b7aae65602e12428ce4180ecb789a23af55b9116af46db71580411b5b697129,8df75b0c4d901a4a2a61a96b58681f919af1644d5e6d1b7108f3cf7a9ca7c079,200,2021-04-10T00:14:08.929188,,
1776,text/plain; charset=utf-8,0.266,9b7aae65602e12428ce4180ecb789a23af55b9116af46db71580411b5b697129,8df75b0c4d901a4a2a61a96b58681f919af1644d5e6d1b7108f3cf7a9ca7c079,200,2021-04-11T00:15:04.230443,,
1776,text/plain; charset=utf-8,0.221,9b7aae65602e12428ce4180ecb789a23af55b9116af46db71580411b5b697129,8df75b0c4d901a4a2a61a96b58681f919af1644d5e6d1b7108f3cf7a9ca7c079,200,2021-04-12T00:14:39.747382,,
1776,text/plain; charset=utf-8,0.22,9b7aae65602e12428ce4180ecb789a23af55b9116af46db71580411b5b697129,8df75b0c4d901a4a2a61a96b58681f919af1644d5e6d1b7108f3cf7a9ca7c079,200,2021-04-13T00:14:52.953294,,
1776,text/plain; charset=utf-8,0.232,9b7aae65602e12428ce4180ecb789a23af55b9116af46db71580411b5b697129,8df75b0c4d901a4a2a61a96b58681f919af1644d5e6d1b7108f3cf7a9ca7c079,200,2021-04-14T00:12:18.572226,,
1776,text/plain; charset=utf-8,0.202,9b7aae65602e12428ce4180ecb789a23af55b9116af46db71580411b5b697129,8df75b0c4d901a4a2a61a96b58681f919af1644d5e6d1b7108f3cf7a9ca7c079,200,2021-04-15T00:13:12.586446,,
1776,text/plain; charset=utf-8,0.33,9b7aae65602e12428ce4180ecb789a23af55b9116af46db71580411b5b697129,8df75b0c4d901a4a2a61a96b58681f919af1644d5e6d1b7108f3cf7a9ca7c079,200,2021-04-16T00:12:49.658212,,
1776,text/plain; charset=utf-8,0.429,9b7aae65602e12428ce4180ecb789a23af55b9116af46db71580411b5b697129,8df75b0c4d901a4a2a61a96b58681f919af1644d5e6d1b7108f3cf7a9ca7c079,200,2021-04-17T00:13:20.258784,,
1776,text/plain; charset=utf-8,0.21,9b7aae65602e12428ce4180ecb789a23af55b9116af46db71580411b5b697129,8df75b0c4d901a4a2a61a96b58681f919af1644d5e6d1b7108f3cf7a9ca7c079,200,2021-04-18T00:13:45.763158,,
1776,text/plain; charset=utf-8,0.203,9b7aae65602e12428ce4180ecb789a23af55b9116af46db71580411b5b697129,8df75b0c4d901a4a2a61a96b58681f919af1644d5e6d1b7108f3cf7a9ca7c079,200,2021-04-19T00:13:21.631050,,
1776,text/plain; charset=utf-8,0.22,9b7aae65602e12428ce4180ecb789a23af55b9116af46db71580411b5b697129,8df75b0c4d901a4a2a61a96b58681f919af1644d5e6d1b7108f3cf7a9ca7c079,200,2021-04-20T00:13:33.745534,,
1776,text/plain; charset=utf-8,0.201,9b7aae65602e12428ce4180ecb789a23af55b9116af46db71580411b5b697129,8df75b0c4d901a4a2a61a96b58681f919af1644d5e6d1b7108f3cf7a9ca7c079,200,2021-04-21T00:13:33.335009,,
1776,text/plain; charset=utf-8,0.273,9b7aae65602e12428ce4180ecb789a23af55b9116af46db71580411b5b697129,8df75b0c4d901a4a2a61a96b58681f919af1644d5e6d1b7108f3cf7a9ca7c079,200,2021-04-22T00:14:08.432996,,
1776,text/plain; charset=utf-8,0.555,9b7aae65602e12428ce4180ecb789a23af55b9116af46db71580411b5b697129,8df75b0c4d901a4a2a61a96b58681f919af1644d5e6d1b7108f3cf7a9ca7c079,200,2021-04-23T00:13:24.107215,,
1776,text/plain; charset=utf-8,0.222,9b7aae65602e12428ce4180ecb789a23af55b9116af46db71580411b5b697129,8df75b0c4d901a4a2a61a96b58681f919af1644d5e6d1b7108f3cf7a9ca7c079,200,2021-04-24T00:14:11.429792,,
1776,text/plain; charset=utf-8,0.182,9b7aae65602e12428ce4180ecb789a23af55b9116af46db71580411b5b697129,8df75b0c4d901a4a2a61a96b58681f919af1644d5e6d1b7108f3cf7a9ca7c079,200,2021-04-25T00:13:54.670440,,
1776,text/plain; charset=utf-8,0.26,9b7aae65602e12428ce4180ecb789a23af55b9116af46db71580411b5b697129,8df75b0c4d901a4a2a61a96b58681f919af1644d5e6d1b7108f3cf7a9ca7c079,200,2021-04-26T00:14:48.404697,,
1776,text/plain; charset=utf-8,0.21,9b7aae65602e12428ce4180ecb789a23af55b9116af46db71580411b5b697129,8df75b0c4d901a4a2a61a96b58681f919af1644d5e6d1b7108f3cf7a9ca7c079,200,2021-04-27T00:12:43.123546,,
1776,text/plain; charset=utf-8,0.407,9b7aae65602e12428ce4180ecb789a23af55b9116af46db71580411b5b697129,8df75b0c4d901a4a2a61a96b58681f919af1644d5e6d1b7108f3cf7a9ca7c079,200,2021-04-28T00:13:38.278323,,
1776,text/plain; charset=utf-8,0.211,9b7aae65602e12428ce4180ecb789a23af55b9116af46db71580411b5b697129,8df75b0c4d901a4a2a61a96b58681f919af1644d5e6d1b7108f3cf7a9ca7c079,200,2021-04-29T00:13:20.961094,,
1776,text/plain; charset=utf-8,0.172,9b7aae65602e12428ce4180ecb789a23af55b9116af46db71580411b5b697129,8df75b0c4d901a4a2a61a96b58681f919af1644d5e6d1b7108f3cf7a9ca7c079,200,2021-04-30T00:07:40.281004,,
1776,text/plain; charset=utf-8,0.458,9b7aae65602e12428ce4180ecb789a23af55b9116af46db71580411b5b697129,8df75b0c4d901a4a2a61a96b58681f919af1644d5e6d1b7108f3cf7a9ca7c079,200,2021-05-01T00:08:34.693174,,
1776,text/plain; charset=utf-8,0.226,9b7aae65602e12428ce4180ecb789a23af55b9116af46db71580411b5b697129,8df75b0c4d901a4a2a61a96b58681f919af1644d5e6d1b7108f3cf7a9ca7c079,200,2021-05-02T00:10:23.072087,,
1776,text/plain; charset=utf-8,0.23,9b7aae65602e12428ce4180ecb789a23af55b9116af46db71580411b5b697129,8df75b0c4d901a4a2a61a96b58681f919af1644d5e6d1b7108f3cf7a9ca7c079,200,2021-05-03T00:09:44.020916,,
1776,text/plain; charset=utf-8,0.299,9b7aae65602e12428ce4180ecb789a23af55b9116af46db71580411b5b697129,8df75b0c4d901a4a2a61a96b58681f919af1644d5e6d1b7108f3cf7a9ca7c079,200,2021-05-04T00:06:00.435850,,
1776,text/plain; charset=utf-8,0.23,9b7aae65602e12428ce4180ecb789a23af55b9116af46db71580411b5b697129,8df75b0c4d901a4a2a61a96b58681f919af1644d5e6d1b7108f3cf7a9ca7c079,200,2021-05-05T00:37:00.990457,,
1776,text/plain; charset=utf-8,0.399,9b7aae65602e12428ce4180ecb789a23af55b9116af46db71580411b5b697129,8df75b0c4d901a4a2a61a96b58681f919af1644d5e6d1b7108f3cf7a9ca7c079,200,2021-05-06T00:36:09.492178,,
1776,text/plain; charset=utf-8,0.216,9b7aae65602e12428ce4180ecb789a23af55b9116af46db71580411b5b697129,8df75b0c4d901a4a2a61a96b58681f919af1644d5e6d1b7108f3cf7a9ca7c079,200,2021-05-07T00:37:13.332919,,
1776,text/plain; charset=utf-8,0.283,9b7aae65602e12428ce4180ecb789a23af55b9116af46db71580411b5b697129,8df75b0c4d901a4a2a61a96b58681f919af1644d5e6d1b7108f3cf7a9ca7c079,200,2021-05-08T00:37:01.064984,,
1776,text/plain; charset=utf-8,0.214,9b7aae65602e12428ce4180ecb789a23af55b9116af46db71580411b5b697129,8df75b0c4d901a4a2a61a96b58681f919af1644d5e6d1b7108f3cf7a9ca7c079,200,2021-05-09T00:40:27.794220,,
1776,text/plain; charset=utf-8,0.212,9b7aae65602e12428ce4180ecb789a23af55b9116af46db71580411b5b697129,8df75b0c4d901a4a2a61a96b58681f919af1644d5e6d1b7108f3cf7a9ca7c079,200,2021-05-10T00:38:49.200253,,
1776,text/plain; charset=utf-8,0.544,9b7aae65602e12428ce4180ecb789a23af55b9116af46db71580411b5b697129,8df75b0c4d901a4a2a61a96b58681f919af1644d5e6d1b7108f3cf7a9ca7c079,200,2021-05-11T00:38:48.131056,,
1776,text/plain; charset=utf-8,0.231,9b7aae65602e12428ce4180ecb789a23af55b9116af46db71580411b5b697129,8df75b0c4d901a4a2a61a96b58681f919af1644d5e6d1b7108f3cf7a9ca7c079,200,2021-05-12T00:40:26.475046,,
1776,text/plain; charset=utf-8,0.434,9b7aae65602e12428ce4180ecb789a23af55b9116af46db71580411b5b697129,8df75b0c4d901a4a2a61a96b58681f919af1644d5e6d1b7108f3cf7a9ca7c079,200,2021-05-13T00:48:06.224140,,
1776,text/plain; charset=utf-8,0.267,9b7aae65602e12428ce4180ecb789a23af55b9116af46db71580411b5b697129,8df75b0c4d901a4a2a61a96b58681f919af1644d5e6d1b7108f3cf7a9ca7c079,200,2021-05-14T00:50:16.053548,,
1776,text/plain; charset=utf-8,0.381,9b7aae65602e12428ce4180ecb789a23af55b9116af46db71580411b5b697129,8df75b0c4d901a4a2a61a96b58681f919af1644d5e6d1b7108f3cf7a9ca7c079,200,2021-05-15T00:46:30.783740,,
1776,text/plain; charset=utf-8,0.24,9b7aae65602e12428ce4180ecb789a23af55b9116af46db71580411b5b697129,8df75b0c4d901a4a2a61a96b58681f919af1644d5e6d1b7108f3cf7a9ca7c079,200,2021-05-16T00:51:16.911551,,
1776,text/plain; charset=utf-8,0.212,9b7aae65602e12428ce4180ecb789a23af55b9116af46db71580411b5b697129,8df75b0c4d901a4a2a61a96b58681f919af1644d5e6d1b7108f3cf7a9ca7c079,200,2021-05-17T00:46:47.121943,,
1776,text/plain; charset=utf-8,0.241,9b7aae65602e12428ce4180ecb789a23af55b9116af46db71580411b5b697129,8df75b0c4d901a4a2a61a96b58681f919af1644d5e6d1b7108f3cf7a9ca7c079,200,2021-05-18T00:51:18.793463,,
1776,text/plain; charset=utf-8,0.284,9b7aae65602e12428ce4180ecb789a23af55b9116af46db71580411b5b697129,8df75b0c4d901a4a2a61a96b58681f919af1644d5e6d1b7108f3cf7a9ca7c079,200,2021-05-19T00:46:34.169835,,
1776,text/plain; charset=utf-8,0.359,9b7aae65602e12428ce4180ecb789a23af55b9116af46db71580411b5b697129,8df75b0c4d901a4a2a61a96b58681f919af1644d5e6d1b7108f3cf7a9ca7c079,200,2021-05-20T00:43:12.760494,,
1776,text/plain; charset=utf-8,0.21,9b7aae65602e12428ce4180ecb789a23af55b9116af46db71580411b5b697129,8df75b0c4d901a4a2a61a96b58681f919af1644d5e6d1b7108f3cf7a9ca7c079,200,2021-05-21T00:47:58.624144,,
1776,text/plain; charset=utf-8,0.206,9b7aae65602e12428ce4180ecb789a23af55b9116af46db71580411b5b697129,8df75b0c4d901a4a2a61a96b58681f919af1644d5e6d1b7108f3cf7a9ca7c079,200,2021-05-22T00:47:19.491831,,
1776,text/plain; charset=utf-8,0.197,9b7aae65602e12428ce4180ecb789a23af55b9116af46db71580411b5b697129,8df75b0c4d901a4a2a61a96b58681f919af1644d5e6d1b7108f3cf7a9ca7c079,200,2021-05-23T00:53:32.760192,,
1776,text/plain; charset=utf-8,0.364,9b7aae65602e12428ce4180ecb789a23af55b9116af46db71580411b5b697129,8df75b0c4d901a4a2a61a96b58681f919af1644d5e6d1b7108f3cf7a9ca7c079,200,2021-05-24T00:51:12.073866,,
1776,text/plain; charset=utf-8,0.355,9b7aae65602e12428ce4180ecb789a23af55b9116af46db71580411b5b697129,8df75b0c4d901a4a2a61a96b58681f919af1644d5e6d1b7108f3cf7a9ca7c079,200,2021-05-25T00:50:13.130773,,
